City_ID,City,Lat,Lng,Max Temp,Humidity,Cloudiness,Wind Speed,Country,Date
0,salinopolis,-0.6136,-47.3561,27.86,86,49,3.97,BR,1712946341
1,papatowai,-46.5619,169.4708,5.95,91,64,0.89,NZ,1712946622
2,inhambane,-23.865,35.3833,22.02,74,88,3.32,MZ,1712946625
3,kerema,-7.9631,145.7785,25.9,87,100,2.07,PG,1712946628
4,bilibino,68.0546,166.4372,-12.08,79,100,0.81,RU,1712946631
5,nemuro,43.3236,145.575,3.88,97,52,3.1,JP,1712946634
6,kodiak,57.79,-152.4072,3.73,60,100,6.69,US,1712946636
7,cadale,2.7603,46.3222,29.63,77,97,6.7,SO,1712946639
8,chonchi,-42.6128,-73.8092,16.56,47,0,2.02,CL,1712946641
9,port-aux-francais,-49.35,70.2167,8.42,98,100,17.12,TF,1712946644
10,afaahiti,-17.75,-149.2833,27.93,85,100,12.71,PF,1712946647
11,avarua,-21.2078,-159.775,26.03,94,10,4.12,CK,1712946650
12,bahia blanca,-38.7196,-62.2724,11.87,84,100,2.67,AR,1712946654
13,ilulissat,69.2167,-51.1,-4.99,86,75,2.06,GL,1712946657
14,dedougou,12.4667,-3.4667,37.63,8,15,3.86,BF,1712946659
15,hawaiian paradise park,19.5933,-154.9731,22.8,96,100,2.06,US,1712946662
16,sisimiut,66.9395,-53.6735,-2.95,80,100,1.62,GL,1712946666
17,colonia,50.9333,6.95,19.42,69,20,2.06,DE,1712946385
18,praya,14.9215,-23.5087,27.3,57,63,6.69,CV,1712946672
19,jingzhou,30.3503,112.1903,17.81,91,100,2.35,CN,1712946676
20,bethel,41.3712,-73.414,14.19,89,100,5.14,US,1712946668
21,grand gaube,-20.0064,57.6608,27.22,89,100,4.19,MU,1712946682
22,walvis bay,-22.9575,14.5053,17.53,82,0,3.09,NA,1712946685
23,edinburgh of the seven seas,-37.0676,-12.3116,19.11,93,87,9.98,SH,1712946687
24,jaguey grande,22.5269,-81.1286,31.39,52,90,5.21,CU,1712946690
25,grytviken,-54.2811,-36.5092,2.91,98,100,7.75,GS,1712946693
26,puerto ayora,-0.7393,-90.3518,28.98,89,71,3.58,EC,1712946677
27,vilhena,-12.7406,-60.1458,23.12,100,100,3.09,BR,1712946698
28,waitangi,-43.9535,-176.5597,16.57,96,100,4.02,NZ,1712946701
29,tralee,52.2704,-9.7026,12.09,96,100,3.19,IE,1712946704
30,acapulco de juarez,16.8634,-99.8901,28.9,65,100,5.66,MX,1712946549
31,barah,13.7,30.3667,26.71,10,14,4.89,SD,1712946709
32,blackmans bay,-43.0167,147.3167,13.62,74,98,2.44,AU,1712946712
33,blackfoot,43.1905,-112.345,22.16,32,100,2.61,US,1712946715
34,thompson,55.7435,-97.8558,0.09,64,75,0.0,CA,1712946467
35,invercargill,-46.4,168.35,6.68,95,100,0.64,NZ,1712946721
36,nar'yan-mar,67.6713,53.087,-14.52,90,100,7.7,RU,1712946724
37,qaqortoq,60.7167,-46.0333,-2.36,62,100,0.96,GL,1712946728
38,khulm,36.6974,67.6983,15.36,92,100,1.28,AF,1712946731
39,puerto natales,-51.7236,-72.4875,13.25,58,0,5.66,CL,1712946664
40,khrystynivka,48.8249,29.9681,13.24,66,6,3.13,UA,1712946738
41,carnarvon,-24.8667,113.6333,23.83,52,82,6.28,AU,1712946743
42,stanley,54.868,-1.6985,11.55,75,40,6.17,GB,1712946657
43,mahdia,35.5047,11.0622,17.97,87,95,7.65,TN,1712946751
44,pisco,-13.7,-76.2167,25.03,69,0,9.77,PE,1712946754
45,iqaluit,63.7506,-68.5145,-10.15,72,20,13.89,CA,1712946758
46,olonkinbyen,70.9221,-8.7187,-10.11,72,100,11.89,SJ,1712946761
47,port alfred,-33.5906,26.891,16.14,71,61,3.52,ZA,1712946765
48,phan thiet,10.9333,108.1,26.01,84,81,5.03,VN,1712946768
49,yemetsk,63.4721,41.7941,-1.14,84,100,3.76,RU,1712946772
50,dudinka,69.4058,86.1778,-16.32,81,100,9.76,RU,1712946775
51,wailua homesteads,22.0669,-159.378,23.24,93,100,9.77,US,1712946779
52,rongelap,11.1635,166.8941,26.68,71,100,9.29,MH,1712946782
53,puerto baquerizo moreno,-0.9,-89.6,29.55,66,40,4.12,EC,1712946608
54,yellowknife,62.456,-114.3525,3.56,81,75,7.72,CA,1712946792
55,piacabucu,-10.4056,-36.4344,29.25,71,12,3.71,BR,1712946796
56,vilyuysk,63.7553,121.6247,-30.56,100,93,0.89,RU,1712946799
57,minas de marcona,-15.2119,-75.1103,22.38,60,80,7.76,PE,1712946803
58,tofol,5.3248,163.0078,27.43,81,100,4.04,FM,1712946805
59,pagar alam,-4.0167,103.2667,21.26,99,100,0.32,ID,1712946811
60,homer,59.6425,-151.5483,3.93,75,100,5.66,US,1712946814
61,juan griego,11.0817,-63.9655,30.16,60,6,8.48,VE,1712946817
62,adamstown,-25.066,-130.1015,22.11,58,60,6.13,PN,1712946820
63,petropavlovsk-kamchatsky,53.0452,158.6483,-0.67,93,75,1.34,RU,1712946738
64,lazaro cardenas,17.9583,-102.2,31.84,47,52,5.42,MX,1712946826
65,hermanus,-34.4187,19.2345,14.89,72,98,6.19,ZA,1712946830
66,geraldton,-28.7667,114.6,19.23,72,5,5.14,AU,1712946679
67,conception bay south,47.4999,-52.9981,8.53,60,88,7.74,CA,1712946606
68,sitangkai,4.6628,119.3928,27.8,78,92,2.54,PH,1712946840
69,sinop,41.7711,34.8709,9.95,90,5,1.41,TR,1712946843
70,albany,42.6001,-73.9662,17.75,88,100,2.24,US,1712946846
71,kresttsy,58.2452,32.5165,5.8,80,100,2.06,RU,1712946850
72,bredasdorp,-34.5322,20.0403,15.05,69,100,5.39,ZA,1712946607
73,rio grande,-32.035,-52.0986,20.06,75,100,8.12,BR,1712946735
74,talnakh,69.4865,88.3972,-16.55,79,100,6.61,RU,1712946862
75,viransehir,37.2353,39.7631,13.22,83,72,1.31,TR,1712946865
76,bel ombre,-4.6167,55.4167,28.91,79,20,1.54,SC,1712946868
77,tazovsky,67.4667,78.7,-8.9,92,100,10.49,RU,1712946737
78,raduzhny,62.0961,77.475,-3.37,95,100,6.56,RU,1712946876
79,margaret river,-33.95,115.0667,16.91,66,92,3.86,AU,1712946880
80,kapuskasing,49.4169,-82.4331,2.05,100,100,7.72,CA,1712946883
81,port lincoln,-34.7333,135.8667,13.43,72,31,2.27,AU,1712946887
82,sogndal,61.2283,7.1003,9.21,75,75,4.63,NO,1712946890
83,robbah,33.2797,6.9098,15.8,63,100,10.76,DZ,1712946892
84,port elizabeth,-33.918,25.5701,14.62,84,0,2.57,ZA,1712946894
85,vorgashor,67.5833,63.95,-6.22,96,99,3.99,RU,1712946896
86,guarapari,-20.6667,-40.4975,27.72,70,28,3.86,BR,1712946808
87,mount gambier,-37.8333,140.7667,10.09,88,0,1.43,AU,1712946901
88,mount isa,-20.7333,139.5,16.87,42,1,3.09,AU,1712946904
89,susuman,62.7833,148.1667,-12.23,97,64,1.79,RU,1712946907
90,midvagur,62.0511,-7.1939,8.46,93,100,7.72,FO,1712946910
91,ushuaia,-54.8,-68.3,9.81,62,0,10.29,AR,1712946678
92,prince rupert,54.3161,-130.3201,6.83,88,100,3.6,CA,1712946915
93,port douglas,-16.4833,145.4667,25.13,77,92,7.44,AU,1712946917
94,gewane,10.1664,40.6453,30.69,46,98,5.36,ET,1712946920
95,college,64.8569,-147.8028,1.37,82,100,0.0,US,1712946622
96,dam dam,22.6222,88.4169,28.98,61,40,0.0,IN,1712946818
97,port mathurin,-19.6833,63.4167,27.04,71,58,7.27,MU,1712946925
98,hotan,37.0997,79.9269,19.26,11,99,2.18,CN,1712946927
99,posse,-14.0931,-46.3694,26.58,66,99,1.65,BR,1712946929
100,klyuchi,52.2667,79.1667,3.03,61,100,6.93,RU,1712946931
101,port said,31.2565,32.2841,19.99,77,0,5.14,EG,1712946933
102,gadzhiyevo,69.2551,33.3362,-6.24,92,95,2.33,RU,1712946796
103,caconda,-13.7333,15.0667,18.12,90,100,2.79,AO,1712946935
104,keflavik,64.0049,-22.5624,2.95,75,40,10.8,IS,1712946937
105,cambria,35.5641,-121.0808,16.8,98,93,1.79,US,1712946938
106,pontes e lacerda,-15.2261,-59.3353,25.97,90,100,0.69,BR,1712946939
107,nizhniy odes,63.6445,54.856,-5.13,88,97,4.72,RU,1712946941
108,rawson,-43.3002,-65.1023,17.11,45,100,2.35,AR,1712946643
109,teguise,29.0605,-13.564,19.12,88,0,2.57,ES,1712946943
110,priozersk,61.0393,30.1291,5.05,86,4,2.2,RU,1712946797
111,berdigestyakh,62.0989,126.6992,-28.5,100,19,1.42,RU,1712946797
112,kingston,17.997,-76.7936,30.65,71,20,6.69,JM,1712946761
113,luderitz,-26.6481,15.1594,19.33,60,1,1.49,NA,1712946950
114,remire-montjoly,4.9167,-52.2667,31.02,66,75,5.66,GF,1712946951
115,lebu,-37.6167,-73.65,14.58,63,3,2.9,CL,1712946952
116,laminusa,5.5549,120.9136,27.59,77,8,0.4,PH,1712946953
117,hamilton,39.1834,-84.5333,12.25,91,100,6.17,US,1712946920
118,necochea,-38.5473,-58.7368,14.63,60,100,2.87,AR,1712946866
119,cafarnaum,-11.6936,-41.4683,27.39,58,76,4.7,BR,1712946956
120,bandundu,-3.3167,17.3667,24.03,97,100,2.07,CD,1712946957
121,mount vernon,40.9126,-73.8371,16.14,85,100,7.72,US,1712946690
122,vammala,61.3333,22.9,7.39,86,21,2.01,FI,1712946960
123,hithadhoo,-0.6,73.0833,26.72,87,100,4.9,MV,1712946961
124,kurmuk,10.55,34.2833,29.22,14,46,1.38,SD,1712946962
125,bodaybo,57.8506,114.1933,-5.67,96,100,1.01,RU,1712946739
126,new plymouth,-39.0667,174.0833,14.89,90,100,8.21,NZ,1712946965
127,veraval,20.9,70.3667,25.59,77,11,5.11,IN,1712946966
128,zyryanovsk,49.7386,84.2719,-3.01,70,98,1.18,KZ,1712946967
129,chincha alta,-13.4099,-76.1323,24.33,74,100,3.06,PE,1712946854
130,dong ha,16.8163,107.1003,22.86,98,89,1.28,VN,1712946969
131,lihue,21.9789,-159.3672,23.58,92,100,9.77,US,1712946970
132,galle,6.0367,80.217,25.71,87,100,1.68,LK,1712946971
133,longyearbyen,78.2186,15.6401,-10.09,52,0,8.23,SJ,1712946972
134,korhogo,9.45,-5.6333,30.47,48,71,2.37,CI,1712946782
135,grand falls-windsor,48.9332,-55.6649,9.72,43,75,3.58,CA,1712946974
136,san patricio,28.017,-97.5169,29.05,34,100,7.18,US,1712946975
137,wajir,1.7471,40.0573,30.01,65,10,5.05,KE,1712946976
138,kalevala,65.2,31.1667,0.61,93,100,4.02,RU,1712946977
139,ritchie,-29.038,24.6028,14.56,30,4,3.67,ZA,1712946978
140,san pedro,14.35,121.0167,27.57,74,20,3.58,PH,1712946979
141,peniche,39.3558,-9.3811,20.31,79,31,3.74,PT,1712946980
142,bang saphan,11.2126,99.5117,24.4,95,100,1.33,TH,1712946981
143,georgetown,5.4112,100.3354,28.96,83,20,1.03,MY,1712946982
144,betio village,1.358,172.9211,28.02,74,91,3.21,KI,1712946983
145,whitehorse,60.7161,-135.0538,2.43,29,75,1.54,CA,1712946778
146,mukalla,14.5425,49.1242,27.63,73,7,1.78,YE,1712946985
147,gaalkacyo,6.7697,47.4308,27.99,72,89,8.73,SO,1712946986
148,arraial do cabo,-22.9661,-42.0278,28.98,78,40,3.09,BR,1712946987
149,westport,41.1415,-73.3579,15.61,89,100,8.75,US,1712946988
150,waingapu,-9.6567,120.2641,25.58,84,63,0.95,ID,1712946989
151,port-cartier,50.0334,-66.8654,3.19,98,100,6.56,CA,1712946990
152,east london,-33.0153,27.9116,15.52,72,0,4.12,ZA,1712946991
153,san fernando,15.0286,120.6898,26.85,81,8,1.14,PH,1712946991
154,ambilobe,-13.2,49.05,25.03,94,36,1.65,MG,1712946992
155,shingu,33.7333,135.9833,12.37,87,100,2.03,JP,1712946993
156,tibanbang,6.6315,126.1055,25.8,82,6,1.84,PH,1712946994
157,richards bay,-28.783,32.0377,17.98,77,35,2.05,ZA,1712946995
158,nova sintra,14.8667,-24.7167,22.63,83,83,7.6,CV,1712946996
159,dunedin,-45.8742,170.5036,8.78,91,100,2.09,NZ,1712946997
160,kargasok,59.0556,80.8572,-5.02,58,100,4.47,RU,1712946998
161,bardstown,37.8092,-85.4669,10.73,91,100,4.63,US,1712946818
162,palanga,55.9175,21.0686,8.01,93,100,2.57,LT,1712947001
163,constantia,44.1833,28.65,17.61,60,8,3.72,RO,1712946924
164,taulaga,-11.0553,-171.0883,29.77,76,100,4.08,AS,1712947002
165,singkil,-7.9855,111.4161,24.8,93,97,1.56,ID,1712947003
166,gweru,-19.45,29.8167,15.33,81,100,4.3,ZW,1712947005
167,naze,28.3667,129.4833,18.51,92,99,3.73,JP,1712947006
168,howrah,22.5892,88.3103,28.0,65,40,0.0,IN,1712947007
169,romblon,12.5751,122.2708,27.87,79,100,7.91,PH,1712947008
170,utrik,11.2278,169.8474,26.49,78,37,9.24,MH,1712947009
171,aral,40.5156,81.2636,18.74,17,90,5.97,CN,1712947010
172,tazacorte,28.629,-17.9293,22.54,64,0,4.63,ES,1712947011
173,cockburn town,21.4612,-71.1419,27.98,69,40,6.17,TC,1712947012
174,sokoni,-6.4333,39.55,28.64,81,100,7.35,TZ,1712947013
175,zabol,32.25,67.25,10.58,74,100,1.87,AF,1712947014
176,fortuna,40.5982,-124.1573,13.7,77,0,0.0,US,1712947015
177,madang,-5.2246,145.7966,24.41,97,100,1.99,PG,1712947016
178,ciudad lazaro cardenas,17.9583,-102.2,31.84,47,52,5.42,MX,1712946826
179,foumban,5.7291,10.9001,21.88,79,19,1.26,CM,1712947018
180,west island,-12.1568,96.8225,26.99,83,40,4.63,CC,1712947019
181,ust'-kalmanka,52.1207,83.305,0.13,60,100,4.66,RU,1712947020
182,broome,42.2506,-75.833,13.21,81,100,6.69,US,1712947020
183,ivdel',60.6911,60.4206,5.57,90,100,3.58,RU,1712947021
184,isafjordur,66.0755,-23.124,-0.98,74,75,6.17,IS,1712947023
185,crane,31.3974,-102.3501,27.25,16,100,12.33,US,1712947025
186,fortaleza,-3.7227,-38.5247,31.71,87,75,4.12,BR,1712946913
187,codrington,-38.2667,141.9667,11.71,83,92,2.85,AU,1712947026
188,tambacounda,13.7539,-13.7586,41.85,10,99,2.39,SN,1712947027
189,nova vicosa,-17.8919,-39.3719,28.18,70,2,3.76,BR,1712947028
190,tiksi,71.6872,128.8694,-19.01,85,100,9.61,RU,1712947029
191,kerikeri,-35.2268,173.9474,12.02,83,0,1.85,NZ,1712947030
192,uturoa,-16.7333,-151.4333,28.57,79,100,10.63,PF,1712947031
193,torghay,49.6339,63.4981,9.02,50,7,6.55,KZ,1712947033
194,vila velha,-20.3297,-40.2925,29.42,86,40,5.66,BR,1712946970
195,sitka,57.0531,-135.33,1.94,80,100,4.12,US,1712947035
196,mossel bay,-34.1831,22.146,12.96,71,100,5.38,ZA,1712947036
197,holualoa,19.6228,-155.9522,24.93,91,75,4.63,US,1712947037
198,pyhajarvi,67.0701,27.2176,-3.19,98,58,1.64,FI,1712947039
199,anadyr,64.75,177.4833,-13.72,77,0,0.0,RU,1712947040
200,ust-tsilma,65.441,52.1498,-10.77,89,100,4.02,RU,1712947042
201,nacala,-14.5428,40.6728,25.21,83,100,4.48,MZ,1712947044
202,bauchi,10.5,10.0,29.71,11,100,0.72,NG,1712947045
203,coahuayana de hidalgo,18.7,-103.6583,34.96,35,0,3.68,MX,1712947046
204,macusani,-14.0833,-70.4333,8.61,70,99,1.92,PE,1712947047
205,guia lopes da laguna,-21.4578,-56.1142,24.91,96,100,2.31,BR,1712946912
206,le port,-20.9373,55.2919,27.0,86,58,1.08,RE,1712947049
207,narimanov,46.6927,47.8498,11.95,50,100,6.09,RU,1712947050
208,saipan,15.1355,145.701,26.39,89,20,6.69,MP,1712947051
209,aasiaat,68.7098,-52.8699,-5.08,81,100,3.82,GL,1712947052
210,tsiombe,-25.3,45.4833,20.08,76,64,2.25,MG,1712947053
211,tolanaro,-25.0319,46.9987,23.04,83,40,2.06,MG,1712947054
212,bantogon,6.5333,124.0333,26.79,83,7,1.8,PH,1712947055
213,ilhabela,-23.7781,-45.3581,26.48,73,16,2.98,BR,1712947056
214,saint-pierre,-21.3393,55.4781,26.82,78,0,1.54,RE,1712947057
215,severo-yeniseyskiy,60.3725,93.0408,-16.35,94,96,1.34,RU,1712947058
216,hailar,49.2,119.7,6.38,82,100,4.33,CN,1712947059
217,daru,-9.0763,143.2092,26.54,70,64,4.92,PG,1712947060
218,umm kaddadah,13.6017,26.6876,26.46,11,88,6.21,SD,1712947061
219,concepcion del oro,24.6333,-101.4167,19.26,25,100,3.23,MX,1712947062
220,ariquemes,-9.9133,-63.0408,28.37,90,65,1.2,BR,1712947064
221,zhengjiatun,43.5064,123.5064,13.27,56,42,5.45,CN,1712947065
222,laojunmiao,39.8333,97.7333,11.38,18,100,3.02,CN,1712947066
223,mabaruma,8.2,-59.7833,32.0,62,40,5.14,GY,1712947068
224,mount darwin,-16.7725,31.5838,18.45,78,100,3.76,ZW,1712947069
225,barclayville,4.6797,-8.2339,27.37,81,47,2.39,LR,1712947070
226,flying fish cove,-10.4217,105.6791,26.82,83,40,4.63,CX,1712947071
227,esperanza,19.5847,-70.9849,33.32,55,82,1.79,DO,1712947072
228,lompoc,34.6391,-120.4579,17.66,94,100,5.14,US,1712947073
229,khandyga,62.6667,135.6,-18.24,99,100,1.68,RU,1712947074
230,hardheim,49.6119,9.4719,15.42,74,90,1.2,DE,1712947075
231,turpan,42.9333,89.1667,15.2,19,0,1.07,CN,1712947076
232,grimstad,58.3405,8.5934,12.91,90,7,5.44,NO,1712947077
233,rovaniemi,66.5,25.7167,3.67,70,0,3.6,FI,1712947078
234,aripuana,-9.1667,-60.6333,28.44,73,100,1.36,BR,1712947079
235,valky,49.8387,35.6207,14.3,52,4,3.28,UA,1712947080
236,nyurba,63.2842,118.3319,-28.46,100,100,0.71,RU,1712947081
237,ribeira grande,38.5167,-28.7,19.22,63,20,6.26,PT,1712947082
238,fisterra,42.9049,-9.2629,23.19,78,71,3.2,ES,1712947082
239,enewetak,11.3474,162.3373,27.13,78,100,8.68,MH,1712947083
240,fale old settlement,-9.3852,-171.2468,29.61,72,74,3.55,TK,1712947084
241,pangody,65.85,74.4859,-3.43,95,100,8.89,RU,1712947085
242,pangai,-19.8,-174.35,26.06,89,20,4.12,TO,1712947086
243,ancud,-41.8697,-73.8203,14.87,57,0,1.18,CL,1712947087
244,guatrache,-37.6678,-63.5302,10.38,91,100,3.82,AR,1712947089
245,ulladulla,-35.35,150.4667,13.76,89,61,2.13,AU,1712947090
246,cidreira,-30.1811,-50.2056,20.69,89,100,8.01,BR,1712947091
247,arfoud,31.4348,-4.2375,20.51,13,0,7.28,MA,1712947092
248,kapa'a,22.0752,-159.319,23.99,93,100,9.77,US,1712947093
249,bullsbrook,-31.6667,116.0,19.03,55,40,3.09,AU,1712947094
250,badger,64.8,-147.5333,1.32,78,100,0.0,US,1712947095
251,zouerate,22.7187,-12.4521,33.85,7,0,4.08,MR,1712947095
252,loikaw,19.6742,97.2094,24.71,46,6,1.88,MM,1712947096
253,don sak,9.3168,99.6918,26.37,85,100,3.05,TH,1712947097
254,bandarbeyla,9.4942,50.8122,28.97,77,100,5.38,SO,1712947098
255,prineville,44.2999,-120.8345,11.39,64,40,0.0,US,1712947099
256,kuhdasht,33.535,47.6061,12.08,56,6,2.01,IR,1712947100
257,celestun,20.8667,-90.4,27.41,55,52,8.89,MX,1712947101
258,spring valley,36.108,-115.245,28.23,18,0,3.6,US,1712946963
259,chibougamau,49.9168,-74.3659,8.79,93,100,5.14,CA,1712947103
260,atafu village,-8.5421,-172.5159,29.64,73,100,3.87,TK,1712947104
261,guantanamo,20.1444,-75.2092,30.76,42,62,6.52,CU,1712947105
262,ust-nera,64.5667,143.2,-3.84,96,99,2.74,RU,1712947106
263,port augusta,-32.5,137.7667,12.94,75,14,3.23,AU,1712947107
264,magadan,59.5667,150.8,-8.04,92,7,1.94,RU,1712947108
265,wanxian,30.8039,108.3897,20.09,76,54,1.93,CN,1712947109
266,marat,25.0701,45.4615,23.89,34,100,5.49,SA,1712947110
267,lagoa,39.05,-27.9833,14.67,84,100,8.48,PT,1712947111
268,san antonio de pale,-1.4014,5.6325,27.8,77,45,3.83,GQ,1712947112
269,margate,51.3813,1.3862,15.94,72,100,3.58,GB,1712947113
270,saddiqabad,28.3062,70.1307,29.72,30,100,2.96,PK,1712947114
271,chester,40.1254,-75.8749,16.08,65,75,7.2,US,1712947115
272,sa kaeo,13.75,102.3333,28.42,74,76,2.71,TH,1712947116
273,port saint john's,-31.6229,29.5448,16.94,74,94,3.03,ZA,1712947117
274,maracaibo,10.6317,-71.6406,34.19,42,67,4.53,VE,1712946856
275,jamestown,42.097,-79.2353,8.34,92,100,8.23,US,1712947120
276,nuku'alofa,-21.1333,-175.2,23.19,100,20,0.0,TO,1712946902
277,nahiyat al fuhud,30.9697,46.7228,25.26,31,5,3.38,IQ,1712947123
278,newnan,33.3807,-84.7997,21.13,27,0,6.69,US,1712947074
279,alpena,45.0617,-83.4327,6.18,93,100,12.35,US,1712947125
280,baise city,23.8997,106.6133,24.22,88,83,1.37,CN,1712947127
281,camapua,-19.5314,-54.0439,28.8,70,100,1.78,BR,1712946995
282,tidjikja,18.5564,-11.4271,35.5,10,4,4.43,MR,1712947130
283,kittila,67.6647,24.8936,3.08,65,100,5.14,FI,1712947131
284,ola,59.5833,151.2833,-7.7,93,36,2.27,RU,1712947132
285,ndjole,-0.1783,10.7649,24.7,95,100,0.75,GA,1712947133
286,egilsstadir,65.2653,-14.3948,-1.05,93,100,8.23,IS,1712947135
287,vila franca do campo,37.7167,-25.4333,18.27,99,93,0.9,PT,1712947136
288,marshfield,44.6689,-90.1718,12.49,58,75,7.72,US,1712946903
289,senador jose porfirio,-2.5908,-51.9542,26.68,92,100,0.75,BR,1712947139
290,houlton,46.1262,-67.8403,14.23,90,100,6.17,US,1712947140
291,jianshui,23.6363,102.8264,20.41,33,8,2.71,CN,1712947141
292,zhigalovo,54.8097,105.1578,1.59,99,100,1.36,RU,1712947142
293,tangalle,6.024,80.7911,25.09,84,100,3.89,LK,1712947143
294,balkanabat,39.5108,54.3671,15.69,70,100,3.89,TM,1712947144
295,belen,36.4891,36.2233,15.22,100,40,7.72,TR,1712947145
296,sao jose da coroa grande,-8.8978,-35.1478,28.76,73,0,3.67,BR,1712947146
297,dryden,49.7833,-92.7503,5.16,60,100,4.12,CA,1712946972
298,st. john's,47.5649,-52.7093,8.66,56,75,10.8,CA,1712947148
299,kamloops,50.6665,-120.3192,12.08,60,40,1.54,CA,1712947150
300,ikwiriri,-7.9562,38.9716,24.22,98,100,1.14,TZ,1712947151
301,cabo san lucas,22.8909,-109.9124,25.9,71,75,2.68,MX,1712946926
302,timmins,48.4669,-81.3331,2.9,93,100,9.26,CA,1712947081
303,quepos,9.4236,-84.1652,30.96,69,100,4.02,CR,1712947154
304,sola,-13.8833,167.55,28.3,79,86,5.91,VU,1712947155
305,palangkaraya,-2.2,113.8333,24.78,93,91,0.89,ID,1712947156
306,hoemul-li,41.4339,129.67,8.59,83,96,1.62,KP,1712947157
307,ierapetra,35.01,25.7353,17.35,75,97,3.06,GR,1712947158
308,meulaboh,4.1363,96.1285,25.35,91,100,1.23,ID,1712947159
309,zelenogorsk,56.1147,94.5861,-5.21,68,5,1.5,RU,1712947160
310,port hedland,-20.3167,118.5667,23.03,83,0,3.09,AU,1712947161
311,chasong,41.4608,126.6414,7.18,81,15,1.74,KP,1712947162
312,suntar,62.1444,117.6319,-26.34,100,65,1.28,RU,1712947163
313,katsuren-haebaru,26.3369,127.8719,22.43,85,100,5.14,JP,1712947164
314,ad dilam,23.9915,47.1627,27.23,27,99,4.63,SA,1712947165
315,poli,-3.3333,36.8,17.1,93,100,0.5,TZ,1712947166
316,leticia,-4.2153,-69.9406,34.03,62,40,3.6,CO,1712947167
317,merritt island,28.5392,-80.672,27.78,34,0,6.17,US,1712947004
318,kiunga,-6.1219,141.2906,22.29,99,83,0.32,PG,1712947169
319,broken hill,-31.95,141.4333,12.23,56,69,4.01,AU,1712947171
320,yanbu,24.0891,38.0637,27.02,57,0,5.66,SA,1712947172
321,gangaikondan,8.85,77.7833,28.03,73,99,3.22,IN,1712947174
322,iskateley,67.6803,53.1512,-14.58,90,100,7.68,RU,1712947175
323,atamyrat,37.8357,65.2106,18.47,72,100,6.66,TM,1712947175
324,howard springs,-12.497,131.047,26.04,92,98,2.5,AU,1712947176
325,chegdomyn,51.1167,133.0167,5.92,94,100,1.51,RU,1712947177
326,tamanrasset,22.785,5.5228,24.95,11,0,5.66,DZ,1712947179
327,birjand,32.8663,59.2211,9.26,93,20,3.09,IR,1712947180
328,kuyeda,56.4311,55.5886,8.64,79,100,4.4,RU,1712947181
329,timbuktu,16.7735,-3.0074,32.65,6,0,5.53,ML,1712947181
330,vallenar,-28.5708,-70.7581,21.99,29,1,4.6,CL,1712947183
331,vanimo,-2.6741,141.3028,25.78,92,100,1.75,PG,1712947184
332,kayangel,8.0823,134.7173,28.23,78,97,6.66,PW,1712947185
333,vadso,70.0744,29.7487,1.09,80,100,4.63,NO,1712947186
334,vilyuchinsk,52.9306,158.4028,0.15,86,98,1.35,RU,1712947187
335,boa viagem,-5.1275,-39.7322,27.92,83,26,2.17,BR,1712947188
336,hanak,41.2336,42.8472,5.86,64,1,1.66,TR,1712947189
337,ascension,30.2169,-90.9001,25.67,29,0,2.06,US,1712947189
338,olyokminsk,60.3736,120.4264,-11.2,97,80,1.85,RU,1712947190
339,salekhard,66.53,66.6019,0.78,100,100,2.24,RU,1712947022
340,san pedro pochutla,15.7333,-96.4667,32.84,39,88,4.4,MX,1712947192
341,san luis de la loma,17.2706,-100.8939,32.69,47,5,5.83,MX,1712947193
342,shahr-e babak,30.1165,55.1186,15.07,30,0,3.95,IR,1712947194
343,haiku-pauwela,20.9219,-156.3051,23.36,84,20,0.89,US,1712947195
344,dwarka,22.2394,68.9678,25.84,84,100,6.78,IN,1712947159
345,queenstown,-31.8976,26.8753,9.27,63,100,2.04,ZA,1712947197
346,nagqu,31.5,92.0,-2.74,27,98,0.51,CN,1712947197
347,bandar-e genaveh,29.5791,50.517,25.01,64,0,4.99,IR,1712947198
348,udachny,66.4167,112.4,-23.64,90,29,2.09,RU,1712947199
349,ocean city,39.2776,-74.5746,18.88,57,7,5.81,US,1712947200
350,hasaki,35.7333,140.8333,12.38,82,100,8.36,JP,1712947201
351,thunder bay,48.4001,-89.3168,9.95,46,75,9.26,CA,1712947082
352,moama,-36.1167,144.7833,8.88,88,0,2.9,AU,1712947204
353,kimberley,-28.7323,24.7623,13.83,58,0,2.06,ZA,1712947205
354,rio san juan,19.6439,-70.0763,27.56,74,66,6.76,DO,1712947206
355,mimon,50.6587,14.7247,16.08,74,69,1.8,CZ,1712947207
356,kapsabet,0.2039,35.105,18.75,90,100,1.58,KE,1712947208
357,sousse,35.8254,10.637,17.88,88,40,9.77,TN,1712947116
358,nuevitas,21.5453,-77.2644,31.03,52,0,5.6,CU,1712947209
359,labrador city,52.9463,-66.9114,3.99,86,100,2.68,CA,1712947210
360,merizo village,13.2658,144.6691,26.85,93,100,5.96,GU,1712947212
361,taber,49.8167,-112.1518,18.91,33,100,8.75,CA,1712947213
362,itamaraca,-7.7478,-34.8256,31.03,73,5,3.88,BR,1712947213
363,ust'-ilimsk,58.0006,102.6619,-1.54,73,100,1.34,RU,1712947214
364,jining,35.405,116.5814,15.33,96,0,3.97,CN,1712947215
365,keren,15.7778,38.4581,25.37,50,5,2.12,ER,1712947216
366,la passe,45.5549,-0.8967,24.13,81,37,2.56,FR,1712947217
367,tuy hoa,13.0833,109.3,23.97,95,100,0.26,VN,1712947218
368,zheleznogorsk-ilimskiy,56.5768,104.1217,-2.57,92,100,2.24,RU,1712946921
369,zhanibek,49.4167,46.85,16.19,85,100,4.56,KZ,1712947220
370,bechar,31.6167,-2.2167,20.18,19,0,7.72,DZ,1712947221
371,el hadjira,32.6134,5.5126,13.17,82,100,9.81,DZ,1712947222
372,isangel,-19.55,169.2667,23.06,94,100,1.54,VU,1712947223
373,ta`u,-14.2336,-169.5144,29.14,78,32,6.95,AS,1712947223
374,new norfolk,-42.7826,147.0587,14.28,92,99,1.13,AU,1712947224
375,joshimath,30.5667,79.5667,8.1,41,22,4.81,IN,1712947225
376,balashov,51.5502,43.1667,13.74,50,100,4.27,RU,1712947226
377,redencao,-4.2258,-38.7306,27.11,91,58,1.54,BR,1712947227
378,saint-joseph,-21.3667,55.6167,26.21,87,53,2.57,RE,1712947229
379,punta arenas,-53.15,-70.9167,12.06,66,0,10.8,CL,1712947225
380,chiang klang,19.2938,100.8617,26.9,63,42,0.45,TH,1712947230
381,rosetta,31.4044,30.4164,17.91,83,0,4.58,EG,1712947231
382,fort bragg,35.139,-79.006,23.03,36,40,7.2,US,1712947232
383,kassiri,8.9372,-13.1244,30.16,57,2,4.87,SL,1712947233
384,fada,9.5667,8.3,28.62,39,100,1.32,NG,1712947234
385,novoagansk,61.9449,76.6625,-2.33,96,100,6.18,RU,1712947235
386,luganville,-15.5333,167.1667,26.79,87,52,2.84,VU,1712947236
387,ukrainka,50.1432,30.7461,17.3,67,8,3.83,UA,1712947238
388,gurupi,-11.7292,-49.0686,31.05,61,100,2.43,BR,1712947100
389,hammerfest,70.6634,23.6821,2.25,75,0,6.17,NO,1712947240
390,namsos,64.4662,11.4957,7.03,93,75,4.12,NO,1712947241
391,puerto deseado,-47.7503,-65.8938,11.62,65,0,5.8,AR,1712947242
392,gaggenau,48.8,8.3333,19.61,52,0,1.03,DE,1712947243
393,tombolo,45.6395,11.8254,23.0,67,10,0.79,IT,1712947244
394,dul'durga,50.6761,113.5931,3.16,79,41,0.7,RU,1712947245
395,qamdo,31.1667,97.2333,0.0,54,4,2.31,CN,1712947246
396,antsiranana,-12.2787,49.2917,26.14,90,55,3.3,MG,1712947247
397,tagiura,32.8817,13.3506,18.13,77,73,12.82,LY,1712947248
398,messaad,34.1543,3.5031,12.43,56,76,9.97,DZ,1712947248
399,yarmouth,41.7057,-70.2286,14.49,92,100,7.72,US,1712947249
400,ataq,14.5377,46.8319,23.47,71,8,5.53,YE,1712947250
401,selfoss,63.9331,-20.9971,2.25,73,100,3.06,IS,1712947251
402,saint-philippe,-21.3585,55.7679,25.77,86,56,1.86,RE,1712947252
403,porto novo,6.4965,2.6036,29.9,78,100,2.04,BJ,1712947089
404,kavaratti,10.5669,72.642,29.49,65,8,2.34,IN,1712947254
405,al wakrah,24.85,51.3333,27.05,34,100,4.88,QA,1712947255
406,tindouf,27.6711,-8.1474,31.25,8,0,7.2,DZ,1712947256
407,tura,25.5198,90.2201,24.31,35,71,1.35,IN,1712947257
408,yenisarbademli,37.7078,31.3864,12.06,67,100,3.74,TR,1712947258
409,antofagasta,-23.65,-70.4,20.6,82,84,4.21,CL,1712947193
410,lice,38.4592,40.6475,11.79,73,12,1.39,TR,1712947260
411,maloye ganyushkino,46.6,49.2667,13.71,56,3,6.11,KZ,1712947261
412,copiapo,-27.3667,-70.3333,18.83,40,0,2.42,CL,1712946967
413,calvinia,-31.4707,19.776,18.62,20,0,2.89,ZA,1712947263
414,arteche,12.2645,125.4048,25.09,87,100,2.18,PH,1712947263
415,toliara,-23.35,43.6667,22.14,68,41,4.83,MG,1712947264
416,cumming,34.2073,-84.1402,20.08,40,9,3.58,US,1712947265
417,forio,40.7342,13.8646,21.16,82,0,3.73,IT,1712947266
418,yangiyer,40.275,68.8225,18.07,70,100,1.35,UZ,1712947267
419,mersing,2.4312,103.8405,24.95,94,40,2.57,MY,1712947268
420,sterlitamak,53.6246,55.9502,14.12,73,6,2.5,RU,1712947269
421,camacupa,-12.0167,17.4833,18.59,93,100,1.85,AO,1712947271
422,mammoth lakes,37.6485,-118.9721,12.4,37,75,1.79,US,1712947272
423,calatagan,13.8833,120.65,25.34,80,82,4.3,PH,1712947272
424,namibe,-15.1961,12.1522,22.21,76,14,5.07,AO,1712947273
425,saldanha,-33.0117,17.9442,17.03,67,15,5.0,ZA,1712947274
426,lospalos,-8.5186,127.0025,19.94,93,100,1.24,TL,1712947275
427,siracusa,37.0881,15.2792,17.77,71,0,3.65,IT,1712947276
428,jilma,35.2731,9.4239,14.74,67,100,8.77,TN,1712947277
429,port macquarie,-31.4333,152.9167,14.94,90,10,1.85,AU,1712947278
430,sishui,35.6489,117.2758,14.93,96,0,2.97,CN,1712947279
431,albu kamal,34.45,40.9186,23.29,33,0,4.79,SY,1712947280
432,polyarnyy,69.1989,33.4478,-6.07,90,94,2.36,RU,1712947281
433,chimbote,-9.0853,-78.5783,24.82,71,21,4.88,PE,1712947195
434,karratha,-20.7377,116.8463,25.88,74,0,1.9,AU,1712947095
435,maceio,-9.6658,-35.7353,30.69,70,40,5.14,BR,1712947040
436,misratah,32.3754,15.0925,18.69,72,86,10.1,LY,1712947286
437,livingstonia,-10.606,34.1063,18.52,91,72,2.26,MW,1712947287
438,adrar,20.5022,-10.0711,32.6,8,0,5.43,MR,1712947288
439,dalandzadgad,43.5708,104.425,12.63,27,74,6.99,MN,1712947289
440,yerofey pavlovich,53.9667,121.9667,-4.89,95,100,1.91,RU,1712947290
441,dakhla,23.6848,-15.958,31.01,27,0,8.23,EH,1712947291
442,tchintabaraden,15.8969,5.7985,34.07,8,100,5.15,NE,1712947291
443,hadibu,12.65,54.0333,27.81,77,12,1.57,YE,1712947293
444,alofi,-19.0595,-169.9187,24.94,94,20,1.03,NU,1712947294
445,saint-louis,16.3333,-15.0,39.8,11,41,5.27,SN,1712947295
446,chernomorskoye,45.5039,32.6997,13.88,78,1,4.88,UA,1712947053
447,portland,45.5234,-122.6762,17.12,67,75,5.14,US,1712947298
448,redding,40.5865,-122.3917,17.87,61,75,1.54,US,1712947122
449,opuwo,-18.0607,13.84,26.53,39,98,1.9,NA,1712947300
450,baiti,13.745,-14.7482,40.52,12,87,1.6,SN,1712947301
451,rumbek,6.802,29.6912,31.86,42,100,1.92,SS,1712947302
452,sur,22.5667,59.5289,28.69,61,81,6.21,OM,1712947303
453,uvel'skiy,54.4446,61.3574,8.76,90,42,3.83,RU,1712947304
454,hilo,19.7297,-155.09,22.92,96,100,2.06,US,1712947305
455,kloulklubed,7.0419,134.2556,27.28,76,100,5.27,PW,1712947306
456,mugia,43.1041,-9.2179,23.28,77,50,2.45,ES,1712947307
457,stiens,53.2623,5.7577,14.43,80,100,2.06,NL,1712947308
458,kone,-21.0595,164.8658,21.45,91,100,1.71,NC,1712947310
459,rabaul,-4.1967,152.1721,25.99,82,96,1.08,PG,1712947312
460,kaa-khem,51.6833,94.7333,-1.44,66,67,4.27,RU,1712947312
461,verkhnevilyuysk,63.4453,120.3167,-29.27,100,100,0.62,RU,1712947313
462,girua,-28.0283,-54.3497,26.29,72,98,2.67,BR,1712947313
463,swainsboro,32.5974,-82.3337,21.94,35,0,8.41,US,1712947314
464,gazojak,41.1875,61.4036,16.98,37,58,7.44,TM,1712947314
465,puerto el triunfo,13.2833,-88.55,38.48,50,75,6.55,SV,1712947315
466,eenhana,-17.4667,16.3333,23.85,58,45,3.54,NA,1712947316
467,pinotepa nacional,16.3167,-98.0167,35.54,26,48,5.6,MX,1712947317
468,imbituba,-28.24,-48.6703,24.92,91,100,6.5,BR,1712947317
469,horta,38.5333,-28.6333,18.8,86,20,6.26,PT,1712947318
470,yaren,-0.5472,166.916,27.61,72,100,1.0,NR,1712947318
471,mangrol,21.1167,70.1167,25.63,79,0,5.32,IN,1712947319
472,wagar,16.1525,36.2032,32.54,12,0,4.67,SD,1712947320
473,vokhtoga,58.8147,41.0461,3.58,95,100,4.12,RU,1712947321
474,grand baie,-20.0182,57.5802,27.26,89,100,4.09,MU,1712947321
475,azna,33.6095,48.9307,8.76,65,0,3.02,IR,1712947322
476,antalaha,-14.9003,50.2788,25.86,91,58,1.41,MG,1712947323
477,tabou,4.423,-7.3528,28.14,80,19,3.12,CI,1712947324
478,sandnessjoen,66.0217,12.6316,7.06,93,75,9.77,NO,1712947324
479,tual,-5.6667,132.75,27.8,77,100,2.86,ID,1712947325
480,guerrero negro,27.9769,-114.0611,22.13,45,1,2.2,MX,1712947325
481,happy valley-goose bay,53.3168,-60.3315,7.17,93,100,2.57,CA,1712947326
482,cedeira,43.6797,-8.0209,18.79,64,11,1.78,ES,1712947327
483,koping,59.514,15.9926,10.5,95,6,2.32,SE,1712947327
484,dalmatovo,56.26,62.9362,8.44,71,100,3.31,RU,1712947328
485,alzamay,55.5562,98.6644,-4.62,78,100,3.71,RU,1712947329
486,mejit,10.2753,170.8646,26.62,82,100,9.32,MH,1712947329
487,touros,-5.1989,-35.4608,29.1,74,42,4.58,BR,1712947296
488,shrigonda,18.6167,74.6833,27.8,38,10,3.63,IN,1712947330
489,port moresby,-9.4431,147.1797,23.68,94,20,1.54,PG,1712947331
490,ha'il,27.5219,41.6907,22.01,35,0,4.12,SA,1712947332
491,ghadamis,30.1337,9.5007,14.47,47,0,5.72,LY,1712947332
492,kambove,-10.8764,26.5969,17.85,98,88,2.47,CD,1712947333
493,argo,37.6333,22.7333,18.17,58,0,2.65,GR,1712947333
494,bandon,51.7469,-8.7425,11.77,91,100,5.58,IE,1712947334
495,mazagao,-0.115,-51.2894,31.03,85,100,2.3,BR,1712947334
496,wasagu,11.3764,5.7954,32.23,35,100,2.18,NG,1712947335
497,nantucket,41.2835,-70.0995,12.27,99,100,11.83,US,1712947336
498,cartagena,10.3997,-75.5144,33.79,55,20,10.8,CO,1712947211
499,rosales,15.8944,120.6328,24.91,85,39,1.8,PH,1712947337
500,koungou,-12.7336,45.2042,28.84,84,0,4.12,YT,1712947338
501,mora,11.0461,14.1401,33.66,9,32,2.49,CM,1712947339
502,inari,68.906,27.0288,2.11,95,100,1.39,FI,1712947339
503,magalia,39.8121,-121.5783,17.95,51,100,1.79,US,1712947340
504,miri,4.4148,114.0089,27.08,94,40,1.03,MY,1712947341
505,al ghayzah,16.2079,52.176,27.87,77,7,4.9,YE,1712947341
506,kristiansund,63.1115,7.732,10.36,71,100,6.17,NO,1712947342
507,harrison,30.4091,-89.0436,25.03,28,0,3.09,US,1712947343
508,senanga,-16.1167,23.2667,21.37,80,100,3.92,ZM,1712947344
509,alma,48.5501,-71.6491,11.17,83,100,6.76,CA,1712947344
510,melfort,52.8667,-104.6177,7.07,57,100,5.66,CA,1712947340
511,bikenibeu village,1.3673,173.1241,27.98,83,40,0.51,KI,1712947346
512,machico,32.7,-16.7667,27.62,67,0,4.63,PT,1712947346
513,usogorsk,63.4106,48.6872,-0.19,97,100,4.09,RU,1712947347
514,nadym,65.5333,72.5167,-1.69,96,100,5.24,RU,1712947347
515,amursk,50.2261,136.8994,9.43,82,100,2.41,RU,1712947348
516,bolama,11.5833,-15.4667,31.19,73,0,6.74,GW,1712947349
517,port-vila,-17.7338,168.3219,23.78,100,20,0.51,VU,1712947349
518,ban karon,7.8477,98.2985,26.95,72,100,3.7,TH,1712947350
519,zherdevka,51.8486,41.4606,13.21,61,89,4.46,RU,1712947350
520,san bartolo,19.1833,-100.05,26.23,27,18,5.55,MX,1712947351
521,keetmanshoop,-26.5833,18.1333,25.51,23,6,2.57,NA,1712947352
522,puerto penasco,31.3167,-113.5333,26.99,67,0,7.72,MX,1712947352
523,santana,-0.0583,-51.1817,31.1,70,100,6.17,BR,1712947353
524,pekanbaru,0.5333,101.45,26.18,100,100,1.54,ID,1712947353
525,catu,-12.3531,-38.3789,28.22,75,19,3.49,BR,1712947259
526,puerto la cruz,10.2167,-64.6167,28.83,69,0,8.74,VE,1712947354
527,korla,41.7597,86.1469,15.14,23,100,2.61,CN,1712947355
528,mwinilunga,-11.7358,24.4293,18.89,97,100,2.04,ZM,1712947356
529,tromso,69.6496,18.957,3.01,81,100,6.69,NO,1712947307
530,bonthe,7.5264,-12.505,27.07,70,34,4.65,SL,1712947357
531,khilok,51.3674,110.4676,-0.63,89,90,1.65,RU,1712947358
532,ballycastle,55.2044,-6.243,14.19,71,91,8.36,GB,1712947358
533,zavodoukovsk,56.5042,66.5515,9.36,77,100,4.79,RU,1712947360
534,manta,-0.95,-80.7333,30.88,70,20,4.63,EC,1712947360
535,meadow lakes,61.6247,-149.6011,3.99,83,100,5.14,US,1712947361
536,west end,26.6833,-78.9667,23.99,65,20,5.75,BS,1712947324
537,barabai,-2.5833,115.3833,24.3,99,100,1.47,ID,1712947362
538,kenai,60.5544,-151.2583,3.05,82,40,11.32,US,1712947363
539,puerto carreno,6.189,-67.4859,36.99,41,40,3.09,CO,1712947363
540,smithers,54.7804,-127.1743,5.18,60,75,1.54,CA,1712947364
541,korsakov,46.6328,142.7813,-1.09,96,1,2.42,RU,1712947364
542,cassilandia,-19.1133,-51.7342,29.19,67,100,1.55,BR,1712947365
543,ialibu,-6.2821,143.9935,14.91,98,100,0.69,PG,1712947365
544,antequera,37.0194,-4.5612,14.97,83,0,2.9,ES,1712947329
545,murudeshwara,14.0943,74.4845,26.6,73,0,0.76,IN,1712947367
546,palmer,42.1584,-72.3287,16.43,79,100,8.75,US,1712947297
547,san marcelino,14.9742,120.1573,26.61,76,14,2.33,PH,1712947368
548,undurkhaan,47.3194,110.6556,7.48,50,95,2.99,MN,1712947369
549,bambanglipuro,-7.95,110.2833,25.73,89,100,1.84,ID,1712947369
550,amga,60.8953,131.9608,-14.58,91,100,2.73,RU,1712947370
551,inverloch,-38.6333,145.7167,11.7,79,34,3.13,AU,1712947370
552,bjuv,56.0837,12.9191,12.1,93,100,6.17,SE,1712947371
553,cannonvale,-20.2833,148.7,24.66,81,100,6.5,AU,1712947372
554,terbanggi besar,-4.8667,105.2333,24.55,94,94,1.47,ID,1712947372
555,tarawa,1.419,172.984,28.05,83,40,0.51,KI,1712947373
556,mangai,-4.05,19.5333,23.13,98,100,1.47,CD,1712947373
557,kilindoni,-7.9139,39.6668,28.34,83,89,8.41,TZ,1712947374
558,yujing,23.1249,120.4614,28.14,76,4,1.27,TW,1712947374
559,darab,28.7519,54.5444,17.77,32,0,3.94,IR,1712947375
560,brisas de zicatela,15.8369,-97.0419,29.29,79,40,5.42,MX,1712947376
561,awjilah,29.1081,21.2869,24.5,17,0,3.95,LY,1712947376
562,hualien city,23.9769,121.6044,24.31,85,21,1.68,TW,1712947377
563,diamantino,-14.4086,-56.4461,27.37,77,91,2.35,BR,1712947236
564,ternate,0.8,127.4,26.35,83,34,2.46,ID,1712947378
